"08:36:09,34",->,SP:,PV:,error:,diff
"08:36:09,34",->,0,0,0,
"08:36:09,44",->,0,0,0,"00:00:00,10"
"08:36:09,54",->,0,0,0,"00:00:00,10"
"08:36:09,67",->,0,0,0,"00:00:00,13"
"08:36:09,77",->,0,0,0,"00:00:00,10"
"08:36:09,83",->,0,0,0,"00:00:00,07"
"08:36:09,97",->,0,0,0,"00:00:00,13"
"08:36:10,07",->,0,0,0,"00:00:00,10"
"08:36:10,17",->,0,0,0,"00:00:00,10"
"08:36:10,23",->,0,0,0,"00:00:00,07"
"08:36:10,37",->,0,0,0,"00:00:00,13"
"08:36:10,47",->,0,0,0,"00:00:00,10"
"08:36:10,57",->,0,0,0,"00:00:00,10"
"08:36:10,63",->,0,0,0,"00:00:00,07"
"08:36:10,77",->,0,0,0,"00:00:00,13"
"08:36:10,86",->,0,0,0,"00:00:00,10"
"08:36:10,96",->,0,0,0,"00:00:00,10"
"08:36:11,06",->,0,0,0,"00:00:00,10"
"08:36:11,16",->,0,0,0,"00:00:00,10"
"08:36:11,26",->,0,0,0,"00:00:00,10"
"08:36:11,36",->,0,0,0,"00:00:00,10"
"08:36:11,46",->,0,0,0,"00:00:00,10"
"08:36:11,56",->,0,0,0,"00:00:00,10"
"08:36:11,66",->,0,0,0,"00:00:00,10"
"08:36:11,76",->,0,0,0,"00:00:00,10"
"08:36:11,86",->,0,0,0,"00:00:00,10"
"08:36:11,96",->,0,0,0,"00:00:00,10"
"08:36:12,06",->,0,0,0,"00:00:00,10"
"08:36:12,16",->,0,0,0,"00:00:00,10"
"08:36:12,26",->,0,0,0,"00:00:00,10"
"08:36:12,36",->,0,0,0,"00:00:00,10"
"08:36:12,46",->,0,0,0,"00:00:00,10"
"08:36:12,56",->,0,0,0,"00:00:00,10"
"08:36:12,78",->,0,0,0,"00:00:00,22"
"08:36:12,78",->,0,0,0,"00:00:00,00"
"08:36:12,86",->,0,0,0,"00:00:00,08"
"08:36:12,96",->,0,0,0,"00:00:00,10"
"08:36:13,06",->,0,0,0,"00:00:00,10"
"08:36:13,19",->,0,0,0,"00:00:00,13"
"08:36:13,26",->,0,0,0,"00:00:00,07"
"08:36:13,36",->,0,0,0,"00:00:00,10"
"08:36:13,45",->,0,0,0,"00:00:00,10"
"08:36:13,59",->,0,0,0,"00:00:00,13"
"08:36:13,65",->,0,0,0,"00:00:00,07"
"08:36:13,75",->,0,0,0,"00:00:00,10"
"08:36:13,89",->,0,0,0,"00:00:00,13"
"08:36:13,99",->,0,0,0,"00:00:00,10"
"08:36:14,05",->,0,0,0,"00:00:00,07"
"08:36:14,15",->,0,0,0,"00:00:00,10"
"08:36:14,28",->,0,0,0,"00:00:00,13"
"08:36:14,38",->,0,0,0,"00:00:00,10"
"08:36:14,48",->,0,0,0,"00:00:00,10"
"08:36:14,58",->,0,0,0,"00:00:00,10"
"08:36:14,68",->,0,0,0,"00:00:00,10"
"08:36:14,78",->,0,0,0,"00:00:00,10"
"08:36:14,88",->,0,0,0,"00:00:00,10"
"08:36:14,98",->,0,0,0,"00:00:00,10"
"08:36:15,08",->,0,0,0,"00:00:00,10"
"08:36:15,18",->,0,0,0,"00:00:00,10"
"08:36:15,28",->,0,0,0,"00:00:00,10"
"08:36:15,38",->,0,0,0,"00:00:00,10"
"08:36:15,48",->,0,0,0,"00:00:00,10"
"08:36:15,58",->,50,0,50,"00:00:00,10"
"08:36:15,68",->,50,4,46,"00:00:00,10"
"08:36:15,78",->,50,9,41,"00:00:00,10"
"08:36:15,88",->,50,13,37,"00:00:00,10"
"08:36:15,98",->,50,16,34,"00:00:00,10"
"08:36:16,08",->,50,19,31,"00:00:00,10"
"08:36:16,18",->,50,22,28,"00:00:00,10"
"08:36:16,28",->,50,25,25,"00:00:00,10"
"08:36:16,38",->,50,27,23,"00:00:00,10"
"08:36:16,48",->,50,29,21,"00:00:00,10"
"08:36:16,58",->,50,31,19,"00:00:00,10"
"08:36:16,68",->,50,33,17,"00:00:00,10"
"08:36:16,78",->,50,34,16,"00:00:00,10"
"08:36:16,88",->,50,36,14,"00:00:00,10"
"08:36:16,97",->,50,37,13,"00:00:00,10"
"08:36:17,07",->,50,38,12,"00:00:00,10"
"08:36:17,17",->,50,39,11,"00:00:00,10"
"08:36:17,27",->,50,40,10,"00:00:00,10"
"08:36:17,41",->,50,41,9,"00:00:00,13"
"08:36:17,51",->,50,42,8,"00:00:00,10"
"08:36:17,57",->,50,43,7,"00:00:00,07"
"08:36:17,67",->,50,43,7,"00:00:00,10"
"08:36:17,80",->,50,44,6,"00:00:00,13"
"08:36:17,90",->,50,44,6,"00:00:00,10"
"08:36:17,97",->,50,45,5,"00:00:00,07"
"08:36:18,10",->,50,45,5,"00:00:00,13"
"08:36:18,20",->,50,45,5,"00:00:00,10"
"08:36:18,30",->,50,46,4,"00:00:00,10"
"08:36:18,40",->,50,46,4,"00:00:00,10"
"08:36:18,50",->,50,47,3,"00:00:00,10"
"08:36:18,60",->,50,47,3,"00:00:00,10"
"08:36:18,70",->,50,47,3,"00:00:00,10"
"08:36:18,80",->,50,47,3,"00:00:00,10"
"08:36:18,90",->,50,47,3,"00:00:00,10"
"08:36:19,00",->,50,47,3,"00:00:00,10"
"08:36:19,10",->,50,48,2,"00:00:00,10"
"08:36:19,20",->,50,48,2,"00:00:00,10"
"08:36:19,29",->,50,48,2,"00:00:00,10"
"08:36:19,39",->,50,48,2,"00:00:00,10"
"08:36:19,49",->,50,48,2,"00:00:00,10"
"08:36:19,59",->,50,48,2,"00:00:00,10"
"08:36:19,69",->,50,48,2,"00:00:00,10"
"08:36:19,79",->,50,48,2,"00:00:00,10"
"08:36:19,89",->,50,48,2,"00:00:00,10"
"08:36:19,99",->,50,48,2,"00:00:00,10"
"08:36:20,09",->,50,48,2,"00:00:00,10"
"08:36:20,22",->,50,49,1,"00:00:00,13"
"08:36:20,29",->,50,49,1,"00:00:00,07"
"08:36:20,39",->,50,49,1,"00:00:00,10"
"08:36:20,52",->,50,49,1,"00:00:00,13"
"08:36:20,62",->,50,49,1,"00:00:00,10"
"08:36:20,69",->,50,49,1,"00:00:00,07"
"08:36:20,79",->,50,49,1,"00:00:00,10"
"08:36:20,92",->,50,49,1,"00:00:00,13"
"08:36:21,02",->,50,49,1,"00:00:00,10"
"08:36:21,12",->,50,49,1,"00:00:00,10"
"08:36:21,22",->,50,49,1,"00:00:00,10"
"08:36:21,32",->,50,49,1,"00:00:00,10"
"08:36:21,41",->,50,49,1,"00:00:00,10"
"08:36:21,51",->,50,49,1,"00:00:00,10"
"08:36:21,61",->,50,49,1,"00:00:00,10"
"08:36:21,71",->,50,49,1,"00:00:00,10"
"08:36:21,81",->,50,49,1,"00:00:00,10"
"08:36:21,91",->,50,49,1,"00:00:00,10"
"08:36:22,01",->,50,49,1,"00:00:00,10"
"08:36:22,11",->,50,49,1,"00:00:00,10"
"08:36:22,21",->,50,49,1,"00:00:00,10"
"08:36:22,31",->,50,49,1,"00:00:00,10"
"08:36:22,41",->,50,49,1,"00:00:00,10"
"08:36:22,51",->,50,49,1,"00:00:00,10"
"08:36:22,61",->,50,49,1,"00:00:00,10"
"08:36:22,71",->,50,49,1,"00:00:00,10"
"08:36:22,81",->,50,49,1,"00:00:00,10"
"08:36:22,94",->,50,49,1,"00:00:00,13"
"08:36:23,01",->,50,49,1,"00:00:00,07"
"08:36:23,10",->,50,49,1,"00:00:00,10"
"08:36:23,20",->,50,49,1,"00:00:00,10"
"08:36:23,34",->,50,49,1,"00:00:00,13"
"08:36:23,40",->,50,49,1,"00:00:00,07"
"08:36:23,50",->,50,49,1,"00:00:00,10"
"08:36:23,64",->,50,49,1,"00:00:00,13"
"08:36:23,74",->,50,49,1,"00:00:00,10"
"08:36:23,84",->,50,49,1,"00:00:00,10"
"08:36:23,90",->,50,49,1,"00:00:00,07"
"08:36:24,03",->,50,49,1,"00:00:00,13"
"08:36:24,13",->,50,49,1,"00:00:00,10"
"08:36:24,23",->,50,49,1,"00:00:00,10"
"08:36:24,33",->,50,49,1,"00:00:00,10"
"08:36:24,43",->,50,49,1,"00:00:00,10"
"08:36:24,53",->,50,49,1,"00:00:00,10"
"08:36:24,63",->,50,49,1,"00:00:00,10"
"08:36:24,73",->,50,49,1,"00:00:00,10"
"08:36:24,83",->,50,49,1,"00:00:00,10"
"08:36:24,93",->,50,49,1,"00:00:00,10"
"08:36:25,03",->,50,49,1,"00:00:00,10"
"08:36:25,13",->,50,49,1,"00:00:00,10"
"08:36:25,23",->,50,49,1,"00:00:00,10"
"08:36:25,33",->,50,49,1,"00:00:00,10"
"08:36:25,43",->,50,49,1,"00:00:00,10"
"08:36:25,53",->,50,49,1,"00:00:00,10"
"08:36:25,63",->,50,49,1,"00:00:00,10"
"08:36:25,73",->,50,49,1,"00:00:00,10"
"08:36:25,83",->,50,49,1,"00:00:00,10"
"08:36:25,93",->,50,49,1,"00:00:00,10"
"08:36:26,03",->,50,49,1,"00:00:00,10"
"08:36:26,13",->,50,49,1,"00:00:00,10"
"08:36:26,23",->,50,49,1,"00:00:00,10"
"08:36:26,33",->,50,49,1,"00:00:00,10"
"08:36:26,43",->,50,49,1,"00:00:00,10"
"08:36:26,53",->,50,49,1,"00:00:00,10"
"08:36:26,63",->,50,49,1,"00:00:00,10"
"08:36:26,73",->,50,49,1,"00:00:00,10"
"08:36:26,82",->,50,49,1,"00:00:00,10"
"08:36:26,92",->,50,49,1,"00:00:00,10"
"08:36:27,02",->,50,49,1,"00:00:00,10"
"08:36:27,16",->,50,49,1,"00:00:00,13"
"08:36:27,22",->,50,49,1,"00:00:00,07"
"08:36:27,32",->,50,49,1,"00:00:00,10"
"08:36:27,46",->,50,49,1,"00:00:00,13"
"08:36:27,56",->,50,49,1,"00:00:00,10"
"08:36:27,66",->,50,49,1,"00:00:00,10"
"08:36:27,72",->,50,49,1,"00:00:00,07"
"08:36:27,85",->,50,49,1,"00:00:00,13"
"08:36:27,95",->,50,49,1,"00:00:00,10"
"08:36:28,05",->,50,49,1,"00:00:00,10"
"08:36:28,15",->,50,49,1,"00:00:00,10"
"08:36:28,25",->,50,49,1,"00:00:00,10"
"08:36:28,35",->,50,49,1,"00:00:00,10"
"08:36:28,45",->,50,49,1,"00:00:00,10"
"08:36:28,55",->,50,49,1,"00:00:00,10"
"08:36:28,65",->,50,49,1,"00:00:00,10"
"08:36:28,75",->,50,49,1,"00:00:00,10"
"08:36:28,85",->,50,49,1,"00:00:00,10"
"08:36:28,95",->,50,49,1,"00:00:00,10"
"08:36:29,05",->,50,49,1,"00:00:00,10"
"08:36:29,15",->,50,49,1,"00:00:00,10"
"08:36:29,25",->,50,49,1,"00:00:00,10"
"08:36:29,35",->,50,49,1,"00:00:00,10"
"08:36:29,45",->,8,49,-41,"00:00:00,10"
"08:36:29,55",->,8,45,-37,"00:00:00,10"
"08:36:29,65",->,8,41,-33,"00:00:00,10"
"08:36:29,75",->,8,38,-30,"00:00:00,10"
"08:36:29,85",->,8,35,-27,"00:00:00,10"
"08:36:29,95",->,8,32,-24,"00:00:00,10"
"08:36:30,05",->,8,30,-22,"00:00:00,10"
"08:36:30,15",->,8,28,-20,"00:00:00,10"
"08:36:30,25",->,8,26,-18,"00:00:00,10"
"08:36:30,35",->,8,24,-16,"00:00:00,10"
"08:36:30,45",->,8,22,-14,"00:00:00,10"
"08:36:30,55",->,8,21,-13,"00:00:00,10"
"08:36:30,64",->,8,20,-12,"00:00:00,10"
"08:36:30,74",->,8,18,-10,"00:00:00,10"
"08:36:30,85",->,8,17,-9,"00:00:00,10"
"08:36:30,98",->,8,16,-8,"00:00:00,13"
"08:36:31,04",->,8,15,-7,"00:00:00,07"
"08:36:31,14",->,8,15,-7,"00:00:00,10"
"08:36:31,24",->,8,14,-6,"00:00:00,10"
"08:36:31,38",->,8,13,-5,"00:00:00,13"
"08:36:31,48",->,8,13,-5,"00:00:00,10"
"08:36:31,54",->,8,12,-4,"00:00:00,07"
"08:36:31,67",->,8,12,-4,"00:00:00,13"
"08:36:31,77",->,8,11,-3,"00:00:00,10"
"08:36:31,87",->,8,11,-3,"00:00:00,10"
"08:36:31,94",->,8,10,-2,"00:00:00,07"
"08:36:32,07",->,8,10,-2,"00:00:00,13"
"08:36:32,17",->,8,10,-2,"00:00:00,10"
"08:36:32,27",->,8,10,-2,"00:00:00,10"
"08:36:32,37",->,8,9,-1,"00:00:00,10"
"08:36:32,47",->,8,9,-1,"00:00:00,10"
"08:36:32,57",->,8,9,-1,"00:00:00,10"
"08:36:32,67",->,8,9,-1,"00:00:00,10"
"08:36:32,77",->,8,9,-1,"00:00:00,10"
"08:36:32,87",->,8,9,-1,"00:00:00,10"
"08:36:32,97",->,8,8,0,"00:00:00,10"
"08:36:33,07",->,8,8,0,"00:00:00,10"
"08:36:33,17",->,8,8,0,"00:00:00,10"
"08:36:33,27",->,8,8,0,"00:00:00,10"
"08:36:33,37",->,8,8,0,"00:00:00,10"
"08:36:33,47",->,8,8,0,"00:00:00,10"
"08:36:33,57",->,8,8,0,"00:00:00,10"
"08:36:33,67",->,8,8,0,"00:00:00,10"
"08:36:33,77",->,8,8,0,"00:00:00,10"
"08:36:33,87",->,8,8,0,"00:00:00,10"
"08:36:33,97",->,8,8,0,"00:00:00,10"
"08:36:34,07",->,8,8,0,"00:00:00,10"
"08:36:34,17",->,8,8,0,"00:00:00,10"
"08:36:34,27",->,80,8,72,"00:00:00,10"
"08:36:34,37",->,80,15,65,"00:00:00,10"
"08:36:34,47",->,80,21,59,"00:00:00,10"
"08:36:34,57",->,80,27,53,"00:00:00,10"
"08:36:34,66",->,80,32,48,"00:00:00,10"
"08:36:34,76",->,80,37,43,"00:00:00,10"
"08:36:34,86",->,80,41,39,"00:00:00,10"
"08:36:34,96",->,80,44,36,"00:00:00,10"
"08:36:35,06",->,80,48,32,"00:00:00,10"
"08:36:35,20",->,80,51,29,"00:00:00,13"
"08:36:35,30",->,80,54,26,"00:00:00,10"
"08:36:35,36",->,80,56,24,"00:00:00,07"
"08:36:35,49",->,80,58,22,"00:00:00,13"
"08:36:35,59",->,80,60,20,"00:00:00,10"
"08:36:35,69",->,80,62,18,"00:00:00,10"
"08:36:35,76",->,80,64,16,"00:00:00,07"
"08:36:35,89",->,80,65,15,"00:00:00,13"
"08:36:35,99",->,80,67,13,"00:00:00,10"
"08:36:36,09",->,80,68,12,"00:00:00,10"
"08:36:36,19",->,80,69,11,"00:00:00,10"
"08:36:36,29",->,80,70,10,"00:00:00,10"
"08:36:36,39",->,80,71,9,"00:00:00,10"
"08:36:36,49",->,80,72,8,"00:00:00,10"
"08:36:36,59",->,80,72,8,"00:00:00,10"
"08:36:36,69",->,80,73,7,"00:00:00,10"
"08:36:36,79",->,80,73,7,"00:00:00,10"
"08:36:36,89",->,80,74,6,"00:00:00,10"
"08:36:36,99",->,80,74,6,"00:00:00,10"
"08:36:37,09",->,80,75,5,"00:00:00,10"
"08:36:37,19",->,80,75,5,"00:00:00,10"
"08:36:37,29",->,80,76,4,"00:00:00,10"
"08:36:37,39",->,80,76,4,"00:00:00,10"
"08:36:37,49",->,80,76,4,"00:00:00,10"
"08:36:37,59",->,80,77,3,"00:00:00,10"
"08:36:37,69",->,80,77,3,"00:00:00,10"
"08:36:37,79",->,80,77,3,"00:00:00,10"
"08:36:37,89",->,80,77,3,"00:00:00,10"
"08:36:37,99",->,80,77,3,"00:00:00,10"
"08:36:38,09",->,80,78,2,"00:00:00,10"
"08:36:38,18",->,80,78,2,"00:00:00,10"
"08:36:38,28",->,80,78,2,"00:00:00,10"
"08:36:38,38",->,80,78,2,"00:00:00,10"
"08:36:38,48",->,80,78,2,"00:00:00,10"
"08:36:38,62",->,80,78,2,"00:00:00,13"
"08:36:38,72",->,80,78,2,"00:00:00,10"
"08:36:38,78",->,80,78,2,"00:00:00,07"
"08:36:38,88",->,80,78,2,"00:00:00,10"
"08:36:39,01",->,80,79,1,"00:00:00,13"
"08:36:39,11",->,80,79,1,"00:00:00,10"
"08:36:39,18",->,80,79,1,"00:00:00,07"
"08:36:39,31",->,80,79,1,"00:00:00,13"
"08:36:39,41",->,80,79,1,"00:00:00,10"
"08:36:39,51",->,80,79,1,"00:00:00,10"
"08:36:39,61",->,80,79,1,"00:00:00,10"
"08:36:39,71",->,80,79,1,"00:00:00,10"
"08:36:39,81",->,80,79,1,"00:00:00,10"
"08:36:39,91",->,80,79,1,"00:00:00,10"
"08:36:40,01",->,80,79,1,"00:00:00,10"
"08:36:40,11",->,80,79,1,"00:00:00,10"
"08:36:40,21",->,80,79,1,"00:00:00,10"
"08:36:40,31",->,80,79,1,"00:00:00,10"
"08:36:40,41",->,80,79,1,"00:00:00,10"
"08:36:40,51",->,80,79,1,"00:00:00,10"
"08:36:40,61",->,80,79,1,"00:00:00,10"
"08:36:40,71",->,80,79,1,"00:00:00,10"
"08:36:40,81",->,80,79,1,"00:00:00,10"
"08:36:40,91",->,80,79,1,"00:00:00,10"
"08:36:41,01",->,80,79,1,"00:00:00,10"
"08:36:41,11",->,80,79,1,"00:00:00,10"
"08:36:41,21",->,80,79,1,"00:00:00,10"
"08:36:41,31",->,80,79,1,"00:00:00,10"
"08:36:41,41",->,80,79,1,"00:00:00,10"
"08:36:41,51",->,80,79,1,"00:00:00,10"
"08:36:41,60",->,80,79,1,"00:00:00,10"
"08:36:41,70",->,80,79,1,"00:00:00,10"
"08:36:41,80",->,80,79,1,"00:00:00,10"
"08:36:41,90",->,80,79,1,"00:00:00,10"
"08:36:42,00",->,80,79,1,"00:00:00,10"
"08:36:42,14",->,80,79,1,"00:00:00,13"
"08:36:42,20",->,80,79,1,"00:00:00,07"
"08:36:42,30",->,80,79,1,"00:00:00,10"
"08:36:42,40",->,80,79,1,"00:00:00,10"
"08:36:42,54",->,80,79,1,"00:00:00,13"
"08:36:42,60",->,80,79,1,"00:00:00,07"
"08:36:42,70",->,80,79,1,"00:00:00,10"
"08:36:42,84",->,80,79,1,"00:00:00,13"
"08:36:42,93",->,30,79,-49,"00:00:00,10"
"08:36:43,00",->,30,74,-44,"00:00:00,07"
"08:36:43,13",->,30,70,-40,"00:00:00,13"
"08:36:43,23",->,30,66,-36,"00:00:00,10"
"08:36:43,33",->,30,62,-32,"00:00:00,10"
"08:36:43,43",->,30,59,-29,"00:00:00,10"
"08:36:43,53",->,30,56,-26,"00:00:00,10"
"08:36:43,63",->,30,54,-24,"00:00:00,10"
"08:36:43,73",->,30,51,-21,"00:00:00,10"
"08:36:43,83",->,30,49,-19,"00:00:00,10"
"08:36:43,93",->,30,47,-17,"00:00:00,10"
"08:36:44,03",->,30,45,-15,"00:00:00,10"
"08:36:44,13",->,30,44,-14,"00:00:00,10"
"08:36:44,23",->,30,42,-12,"00:00:00,10"
"08:36:44,33",->,30,41,-11,"00:00:00,10"
"08:36:44,43",->,30,40,-10,"00:00:00,10"
"08:36:44,53",->,30,39,-9,"00:00:00,10"
"08:36:44,63",->,30,38,-8,"00:00:00,10"
"08:36:44,73",->,30,37,-7,"00:00:00,10"
"08:36:44,83",->,30,36,-6,"00:00:00,10"
"08:36:44,93",->,30,36,-6,"00:00:00,10"
"08:36:45,03",->,30,35,-5,"00:00:00,10"
"08:36:45,13",->,30,34,-4,"00:00:00,10"
"08:36:45,23",->,30,34,-4,"00:00:00,10"
"08:36:45,32",->,30,33,-3,"00:00:00,10"
"08:36:45,42",->,30,33,-3,"00:00:00,10"
"08:36:45,56",->,30,33,-3,"00:00:00,13"
"08:36:45,62",->,30,32,-2,"00:00:00,07"
"08:36:45,72",->,30,32,-2,"00:00:00,10"
"08:36:45,82",->,30,32,-2,"00:00:00,10"
"08:36:45,96",->,30,32,-2,"00:00:00,13"
"08:36:46,02",->,30,31,-1,"00:00:00,07"
"08:36:46,12",->,30,31,-1,"00:00:00,10"
"08:36:46,26",->,30,31,-1,"00:00:00,13"
"08:36:46,36",->,30,31,-1,"00:00:00,10"
"08:36:46,42",->,30,31,-1,"00:00:00,07"
"08:36:46,52",->,30,30,0,"00:00:00,10"
"08:36:46,65",->,30,30,0,"00:00:00,13"
"08:36:46,75",->,30,30,0,"00:00:00,10"
"08:36:46,82",->,30,30,0,"00:00:00,07"
"08:36:46,95",->,30,30,0,"00:00:00,13"
"08:36:47,05",->,30,30,0,"00:00:00,10"
"08:36:47,15",->,30,30,0,"00:00:00,10"
"08:36:47,25",->,30,30,0,"00:00:00,10"
"08:36:47,35",->,30,30,0,"00:00:00,10"
"08:36:47,45",->,30,30,0,"00:00:00,10"
"08:36:47,55",->,30,30,0,"00:00:00,10"
"08:36:47,65",->,30,30,0,"00:00:00,10"
"08:36:47,75",->,30,30,0,"00:00:00,10"
"08:36:47,85",->,30,30,0,"00:00:00,10"
"08:36:47,95",->,30,30,0,"00:00:00,10"
"08:36:48,05",->,30,30,0,"00:00:00,10"
"08:36:48,15",->,30,29,1,"00:00:00,10"
"08:36:48,25",->,30,29,1,"00:00:00,10"
"08:36:48,35",->,30,29,1,"00:00:00,10"
"08:36:48,45",->,30,29,1,"00:00:00,10"
"08:36:48,55",->,30,29,1,"00:00:00,10"
"08:36:48,65",->,30,29,1,"00:00:00,10"
"08:36:48,75",->,30,29,1,"00:00:00,10"
"08:36:48,85",->,30,29,1,"00:00:00,10"
"08:36:48,95",->,30,29,1,"00:00:00,10"
"08:36:49,05",->,30,29,1,"00:00:00,10"
"08:36:49,15",->,30,29,1,"00:00:00,10"
"08:36:49,24",->,40,29,11,"00:00:00,10"
"08:36:49,34",->,40,30,10,"00:00:00,10"
"08:36:49,44",->,40,31,9,"00:00:00,10"
"08:36:49,54",->,40,32,8,"00:00:00,10"
"08:36:49,64",->,40,33,7,"00:00:00,10"
"08:36:49,78",->,40,33,7,"00:00:00,13"
"08:36:49,84",->,40,34,6,"00:00:00,07"
"08:36:49,94",->,40,34,6,"00:00:00,10"
"08:36:50,07",->,40,35,5,"00:00:00,13"
"08:36:50,17",->,40,35,5,"00:00:00,10"
"08:36:50,27",->,40,36,4,"00:00:00,10"
"08:36:50,34",->,40,36,4,"00:00:00,07"
"08:36:50,47",->,40,36,4,"00:00:00,13"
"08:36:50,57",->,40,37,3,"00:00:00,10"
"08:36:50,67",->,40,37,3,"00:00:00,10"
"08:36:50,77",->,40,37,3,"00:00:00,10"
"08:36:50,87",->,40,37,3,"00:00:00,10"
"08:36:50,97",->,40,38,2,"00:00:00,10"
"08:36:51,07",->,40,38,2,"00:00:00,10"
"08:36:51,17",->,40,38,2,"00:00:00,10"
"08:36:51,27",->,40,38,2,"00:00:00,10"
"08:36:51,37",->,40,38,2,"00:00:00,10"
"08:36:51,47",->,40,38,2,"00:00:00,10"
"08:36:51,57",->,40,38,2,"00:00:00,10"
"08:36:51,67",->,40,38,2,"00:00:00,10"
"08:36:51,77",->,40,38,2,"00:00:00,10"
"08:36:51,87",->,40,39,1,"00:00:00,10"
"08:36:51,97",->,40,39,1,"00:00:00,10"
"08:36:52,07",->,40,39,1,"00:00:00,10"
"08:36:52,17",->,40,39,1,"00:00:00,10"
"08:36:52,27",->,40,39,1,"00:00:00,10"
"08:36:52,37",->,40,39,1,"00:00:00,10"
"08:36:52,47",->,40,39,1,"00:00:00,10"
"08:36:52,57",->,40,39,1,"00:00:00,10"
"08:36:52,67",->,40,39,1,"00:00:00,10"
"08:36:52,76",->,40,39,1,"00:00:00,10"
"08:36:52,86",->,40,39,1,"00:00:00,10"
"08:36:52,96",->,40,39,1,"00:00:00,10"
"08:36:53,06",->,40,39,1,"00:00:00,10"
"08:36:53,16",->,70,39,31,"00:00:00,10"
"08:36:53,26",->,70,42,28,"00:00:00,10"
"08:36:53,36",->,70,45,25,"00:00:00,10"
"08:36:53,46",->,70,47,23,"00:00:00,10"
"08:36:53,60",->,70,49,21,"00:00:00,13"
"08:36:53,69",->,70,51,19,"00:00:00,10"
"08:36:53,76",->,70,53,17,"00:00:00,07"
"08:36:53,89",->,70,55,15,"00:00:00,13"
"08:36:53,99",->,70,56,14,"00:00:00,10"
"08:36:54,09",->,70,57,13,"00:00:00,10"
"08:36:54,16",->,70,58,12,"00:00:00,07"
"08:36:54,29",->,70,59,11,"00:00:00,13"
"08:36:54,39",->,70,60,10,"00:00:00,10"
"08:36:54,49",->,70,61,9,"00:00:00,10"
"08:36:54,59",->,70,62,8,"00:00:00,10"
"08:36:54,69",->,70,63,7,"00:00:00,10"
"08:36:54,79",->,70,63,7,"00:00:00,10"
"08:36:54,89",->,70,64,6,"00:00:00,10"
"08:36:54,99",->,70,64,6,"00:00:00,10"
"08:36:55,09",->,70,65,5,"00:00:00,10"
"08:36:55,19",->,70,65,5,"00:00:00,10"
"08:36:55,29",->,70,66,4,"00:00:00,10"
"08:36:55,39",->,70,66,4,"00:00:00,10"
"08:36:55,49",->,70,66,4,"00:00:00,10"
"08:36:55,59",->,70,66,4,"00:00:00,10"
"08:36:55,69",->,70,67,3,"00:00:00,10"
"08:36:55,79",->,70,67,3,"00:00:00,10"
"08:36:55,89",->,70,67,3,"00:00:00,10"
"08:36:55,99",->,70,67,3,"00:00:00,10"
"08:36:56,09",->,70,68,2,"00:00:00,10"
"08:36:56,19",->,70,68,2,"00:00:00,10"
"08:36:56,29",->,70,68,2,"00:00:00,10"
"08:36:56,38",->,70,68,2,"00:00:00,10"
"08:36:56,48",->,70,68,2,"00:00:00,10"
"08:36:56,58",->,70,68,2,"00:00:00,10"
"08:36:56,68",->,70,68,2,"00:00:00,10"
"08:36:56,78",->,70,68,2,"00:00:00,10"
"08:36:56,88",->,70,68,2,"00:00:00,10"
"08:36:56,98",->,70,68,2,"00:00:00,10"
"08:36:57,08",->,70,68,2,"00:00:00,10"
"08:36:57,18",->,70,69,1,"00:00:00,10"
"08:36:57,28",->,70,69,1,"00:00:00,10"
"08:36:57,41",->,70,69,1,"00:00:00,13"
"08:36:57,51",->,70,69,1,"00:00:00,10"
"08:36:57,58",->,70,69,1,"00:00:00,07"
"08:36:57,71",->,70,69,1,"00:00:00,13"
"08:36:57,81",->,70,69,1,"00:00:00,10"
"08:36:57,91",->,70,69,1,"00:00:00,10"
"08:36:57,98",->,70,69,1,"00:00:00,07"
"08:36:58,11",->,70,69,1,"00:00:00,13"
"08:36:58,21",->,70,69,1,"00:00:00,10"
"08:36:58,31",->,70,69,1,"00:00:00,10"
"08:36:58,41",->,70,69,1,"00:00:00,10"
"08:36:58,51",->,70,69,1,"00:00:00,10"
"08:36:58,61",->,70,69,1,"00:00:00,10"
"08:36:58,71",->,70,69,1,"00:00:00,10"
"08:36:58,81",->,70,69,1,"00:00:00,10"
"08:36:58,91",->,70,69,1,"00:00:00,10"
"08:36:59,01",->,70,69,1,"00:00:00,10"
"08:36:59,11",->,70,69,1,"00:00:00,10"
"08:36:59,21",->,70,69,1,"00:00:00,10"
"08:36:59,31",->,70,69,1,"00:00:00,10"
"08:36:59,41",->,70,69,1,"00:00:00,10"
"08:36:59,51",->,70,69,1,"00:00:00,10"
"08:36:59,61",->,70,69,1,"00:00:00,10"
"08:36:59,71",->,70,69,1,"00:00:00,10"
"08:36:59,81",->,70,69,1,"00:00:00,10"
"08:36:59,91",->,70,69,1,"00:00:00,10"
"08:37:00,01",->,70,69,1,"00:00:00,10"
"08:37:00,11",->,70,69,1,"00:00:00,10"
"08:37:00,20",->,70,69,1,"00:00:00,10"
"08:37:00,30",->,70,69,1,"00:00:00,10"
"08:37:00,40",->,20,69,-49,"00:00:00,10"
"08:37:00,50",->,20,64,-44,"00:00:00,10"
"08:37:00,60",->,20,60,-40,"00:00:00,10"
"08:37:00,70",->,20,56,-36,"00:00:00,10"
"08:37:00,84",->,20,52,-32,"00:00:00,13"
"08:37:00,94",->,20,49,-29,"00:00:00,10"
"08:37:01,00",->,20,46,-26,"00:00:00,07"
"08:37:01,10",->,20,44,-24,"00:00:00,10"
"08:37:01,23",->,20,41,-21,"00:00:00,13"
"08:37:01,33",->,20,39,-19,"00:00:00,10"
"08:37:01,40",->,20,37,-17,"00:00:00,07"
"08:37:01,53",->,20,35,-15,"00:00:00,13"
"08:37:01,63",->,20,34,-14,"00:00:00,10"
"08:37:01,73",->,20,32,-12,"00:00:00,10"
"08:37:01,80",->,20,31,-11,"00:00:00,07"
"08:37:01,93",->,20,30,-10,"00:00:00,13"
"08:37:02,03",->,20,29,-9,"00:00:00,10"
"08:37:02,13",->,20,28,-8,"00:00:00,10"
"08:37:02,23",->,20,27,-7,"00:00:00,10"
"08:37:02,33",->,20,26,-6,"00:00:00,10"
"08:37:02,43",->,20,26,-6,"00:00:00,10"
"08:37:02,53",->,20,25,-5,"00:00:00,10"
"08:37:02,63",->,20,25,-5,"00:00:00,10"
"08:37:02,73",->,20,24,-4,"00:00:00,10"
"08:37:02,83",->,20,24,-4,"00:00:00,10"
"08:37:02,93",->,20,23,-3,"00:00:00,10"
"08:37:03,03",->,20,23,-3,"00:00:00,10"
"08:37:03,13",->,20,23,-3,"00:00:00,10"
"08:37:03,22",->,20,22,-2,"00:00:00,10"
"08:37:03,32",->,20,22,-2,"00:00:00,10"
"08:37:03,42",->,20,22,-2,"00:00:00,10"
"08:37:03,52",->,20,22,-2,"00:00:00,10"
"08:37:03,62",->,20,21,-1,"00:00:00,10"
"08:37:03,72",->,20,21,-1,"00:00:00,10"
"08:37:03,82",->,20,21,-1,"00:00:00,10"
"08:37:03,95",->,20,21,-1,"00:00:00,13"
"08:37:04,02",->,20,21,-1,"00:00:00,07"
"08:37:04,12",->,20,21,-1,"00:00:00,10"
"08:37:04,22",->,20,21,-1,"00:00:00,10"
"08:37:04,35",->,20,20,0,"00:00:00,13"
"08:37:04,45",->,20,20,0,"00:00:00,10"
"08:37:04,52",->,20,20,0,"00:00:00,07"
"08:37:04,65",->,20,20,0,"00:00:00,13"
"08:37:04,75",->,20,20,0,"00:00:00,10"
"08:37:04,85",->,20,20,0,"00:00:00,10"
"08:37:04,95",->,20,20,0,"00:00:00,10"
"08:37:05,05",->,20,20,0,"00:00:00,10"
"08:37:05,15",->,20,20,0,"00:00:00,10"
"08:37:05,24",->,20,20,0,"00:00:00,10"
"08:37:05,34",->,20,20,0,"00:00:00,10"
"08:37:05,44",->,20,20,0,"00:00:00,10"
"08:37:05,54",->,20,20,0,"00:00:00,10"
"08:37:05,64",->,20,20,0,"00:00:00,10"
"08:37:05,74",->,20,20,0,"00:00:00,10"
"08:37:05,84",->,20,20,0,"00:00:00,10"
"08:37:05,94",->,20,20,0,"00:00:00,10"
"08:37:06,04",->,20,20,0,"00:00:00,10"
"08:37:06,14",->,80,19,61,"00:00:00,10"
"08:37:06,24",->,80,26,54,"00:00:00,10"
"08:37:06,34",->,80,31,49,"00:00:00,10"
"08:37:06,44",->,80,36,44,"00:00:00,10"
"08:37:06,54",->,80,40,40,"00:00:00,10"
"08:37:06,64",->,80,44,36,"00:00:00,10"
"08:37:06,77",->,80,47,33,"00:00:00,13"
"08:37:06,83",->,80,50,30,"00:00:00,07"
"08:37:06,93",->,80,53,27,"00:00:00,10"
"08:37:07,03",->,80,56,24,"00:00:00,10"
"08:37:07,17",->,80,58,22,"00:00:00,13"
"08:37:07,27",->,80,60,20,"00:00:00,10"
"08:37:07,33",->,80,62,18,"00:00:00,07"
"08:37:07,46",->,80,63,17,"00:00:00,13"
"08:37:07,56",->,80,65,15,"00:00:00,10"
"08:37:07,66",->,80,66,14,"00:00:00,10"
"08:37:07,76",->,80,68,12,"00:00:00,10"
"08:37:07,86",->,80,69,11,"00:00:00,10"
"08:37:07,96",->,80,70,10,"00:00:00,10"
"08:37:08,06",->,80,71,9,"00:00:00,10"
"08:37:08,16",->,80,71,9,"00:00:00,10"
"08:37:08,26",->,80,72,8,"00:00:00,10"
"08:37:08,36",->,80,73,7,"00:00:00,10"
"08:37:08,46",->,80,73,7,"00:00:00,10"
"08:37:08,56",->,80,74,6,"00:00:00,10"
"08:37:08,66",->,80,75,5,"00:00:00,10"
"08:37:08,76",->,80,75,5,"00:00:00,10"
"08:37:08,86",->,80,75,5,"00:00:00,10"
"08:37:08,96",->,80,76,4,"00:00:00,10"
"08:37:09,06",->,80,76,4,"00:00:00,10"
"08:37:09,16",->,80,76,4,"00:00:00,10"
"08:37:09,26",->,80,77,3,"00:00:00,10"
"08:37:09,36",->,80,77,3,"00:00:00,10"
"08:37:09,46",->,80,77,3,"00:00:00,10"
"08:37:09,56",->,80,77,3,"00:00:00,10"
"08:37:09,66",->,80,78,2,"00:00:00,10"
"08:37:09,76",->,80,78,2,"00:00:00,10"
"08:37:09,86",->,80,78,2,"00:00:00,10"
"08:37:09,96",->,80,78,2,"00:00:00,10"
"08:37:10,05",->,80,78,2,"00:00:00,10"
"08:37:10,15",->,80,78,2,"00:00:00,10"
"08:37:10,25",->,80,78,2,"00:00:00,10"
"08:37:10,35",->,80,78,2,"00:00:00,10"
"08:37:10,45",->,80,78,2,"00:00:00,10"
"08:37:10,59",->,80,78,2,"00:00:00,13"
"08:37:10,65",->,80,79,1,"00:00:00,07"
"08:37:10,75",->,80,79,1,"00:00:00,10"
"08:37:10,89",->,80,79,1,"00:00:00,13"
"08:37:10,99",->,80,79,1,"00:00:00,10"
"08:37:11,08",->,80,79,1,"00:00:00,10"
"08:37:11,15",->,80,79,1,"00:00:00,07"
"08:37:11,28",->,80,79,1,"00:00:00,13"
"08:37:11,38",->,80,79,1,"00:00:00,10"
"08:37:11,48",->,80,79,1,"00:00:00,10"
"08:37:11,58",->,80,79,1,"00:00:00,10"
"08:37:11,68",->,80,79,1,"00:00:00,10"
"08:37:11,78",->,80,79,1,"00:00:00,10"
"08:37:11,88",->,80,79,1,"00:00:00,10"
"08:37:11,98",->,80,79,1,"00:00:00,10"
"08:37:12,08",->,80,79,1,"00:00:00,10"
"08:37:12,18",->,80,79,1,"00:00:00,10"
"08:37:12,28",->,80,79,1,"00:00:00,10"
"08:37:12,38",->,80,79,1,"00:00:00,10"
"08:37:12,48",->,80,79,1,"00:00:00,10"
"08:37:12,58",->,80,79,1,"00:00:00,10"
"08:37:12,68",->,80,79,1,"00:00:00,10"
"08:37:12,78",->,80,79,1,"00:00:00,10"
"08:37:12,88",->,80,79,1,"00:00:00,10"
"08:37:12,98",->,80,79,1,"00:00:00,10"
"08:37:13,08",->,80,79,1,"00:00:00,10"
"08:37:13,18",->,80,79,1,"00:00:00,10"
"08:37:13,28",->,80,79,1,"00:00:00,10"
"08:37:13,38",->,80,79,1,"00:00:00,10"
"08:37:13,48",->,80,79,1,"00:00:00,10"
"08:37:13,58",->,80,79,1,"00:00:00,10"
"08:37:13,68",->,80,79,1,"00:00:00,10"
"08:37:13,78",->,80,79,1,"00:00:00,10"
"08:37:13,88",->,80,79,1,"00:00:00,10"
"08:37:13,98",->,80,79,1,"00:00:00,10"
"08:37:14,08",->,80,79,1,"00:00:00,10"
"08:37:14,18",->,80,79,1,"00:00:00,10"
"08:37:14,28",->,80,79,1,"00:00:00,10"
"08:37:14,41",->,50,79,-29,"00:00:00,13"
"08:37:14,47",->,50,76,-26,"00:00:00,07"
"08:37:14,57",->,50,74,-24,"00:00:00,10"
"08:37:14,71",->,50,71,-21,"00:00:00,13"
"08:37:14,81",->,50,69,-19,"00:00:00,10"
"08:37:14,87",->,50,67,-17,"00:00:00,07"
"08:37:14,97",->,50,65,-15,"00:00:00,10"
"08:37:15,11",->,50,64,-14,"00:00:00,13"
"08:37:15,21",->,50,62,-12,"00:00:00,10"
"08:37:15,31",->,50,61,-11,"00:00:00,10"
"08:37:15,40",->,50,60,-10,"00:00:00,10"
"08:37:15,50",->,50,59,-9,"00:00:00,10"
"08:37:15,60",->,50,58,-8,"00:00:00,10"
"08:37:15,70",->,50,57,-7,"00:00:00,10"
"08:37:15,80",->,50,56,-6,"00:00:00,10"
"08:37:15,90",->,50,56,-6,"00:00:00,10"
"08:37:16,00",->,50,55,-5,"00:00:00,10"
"08:37:16,10",->,50,54,-4,"00:00:00,10"
"08:37:16,20",->,50,54,-4,"00:00:00,10"
"08:37:16,30",->,50,53,-3,"00:00:00,10"
"08:37:16,40",->,50,53,-3,"00:00:00,10"
"08:37:16,50",->,50,53,-3,"00:00:00,10"
"08:37:16,60",->,50,52,-2,"00:00:00,10"
"08:37:16,70",->,50,52,-2,"00:00:00,10"
"08:37:16,80",->,50,52,-2,"00:00:00,10"
"08:37:16,90",->,50,52,-2,"00:00:00,10"
"08:37:17,00",->,50,51,-1,"00:00:00,10"
"08:37:17,10",->,50,51,-1,"00:00:00,10"
"08:37:17,20",->,50,51,-1,"00:00:00,10"
"08:37:17,30",->,50,51,-1,"00:00:00,10"
"08:37:17,40",->,50,51,-1,"00:00:00,10"
"08:37:17,50",->,50,50,0,"00:00:00,10"
"08:37:17,60",->,50,50,0,"00:00:00,10"
"08:37:17,70",->,50,50,0,"00:00:00,10"
"08:37:17,80",->,50,50,0,"00:00:00,10"
"08:37:17,90",->,50,50,0,"00:00:00,10"
"08:37:18,00",->,50,50,0,"00:00:00,10"
"08:37:18,10",->,50,50,0,"00:00:00,10"
"08:37:18,23",->,50,50,0,"00:00:00,13"
"08:37:18,30",->,50,50,0,"00:00:00,07"
"08:37:18,40",->,50,50,0,"00:00:00,10"
"08:37:18,53",->,50,50,0,"00:00:00,13"
"08:37:18,63",->,50,50,0,"00:00:00,10"
"08:37:18,70",->,50,50,0,"00:00:00,07"
"08:37:18,80",->,50,50,0,"00:00:00,10"
"08:37:18,93",->,50,49,1,"00:00:00,13"
"08:37:19,03",->,50,49,1,"00:00:00,10"
"08:37:19,09",->,50,49,1,"00:00:00,07"
"08:37:19,23",->,50,49,1,"00:00:00,13"
"08:37:19,33",->,50,49,1,"00:00:00,10"
"08:37:19,43",->,50,49,1,"00:00:00,10"
"08:37:19,49",->,50,49,1,"00:00:00,07"
"08:37:19,63",->,50,49,1,"00:00:00,13"
"08:37:19,72",->,50,49,1,"00:00:00,10"
"08:37:19,82",->,50,49,1,"00:00:00,10"
"08:37:19,92",->,50,49,1,"00:00:00,10"
"08:37:20,02",->,50,49,1,"00:00:00,10"
"08:37:20,12",->,50,49,1,"00:00:00,10"
"08:37:20,22",->,50,49,1,"00:00:00,10"
"08:37:20,32",->,50,49,1,"00:00:00,10"
"08:37:20,42",->,50,49,1,"00:00:00,10"
"08:37:20,52",->,50,49,1,"00:00:00,10"
"08:37:20,62",->,50,49,1,"00:00:00,10"
"08:37:20,72",->,50,49,1,"00:00:00,10"
"08:37:20,82",->,50,49,1,"00:00:00,10"
"08:37:20,92",->,50,49,1,"00:00:00,10"
"08:37:21,02",->,50,49,1,"00:00:00,10"
"08:37:21,12",->,50,49,1,"00:00:00,10"
"08:37:21,22",->,50,49,1,"00:00:00,10"
"08:37:21,32",->,50,49,1,"00:00:00,10"
"08:37:21,42",->,50,49,1,"00:00:00,10"
"08:37:21,52",->,50,49,1,"00:00:00,10"
"08:37:21,62",->,50,49,1,"00:00:00,10"
"08:37:21,72",->,50,49,1,"00:00:00,10"
"08:37:21,82",->,50,49,1,"00:00:00,10"
"08:37:21,92",->,50,49,1,"00:00:00,10"
"08:37:22,05",->,50,49,1,"00:00:00,13"
"08:37:22,12",->,50,49,1,"00:00:00,07"
"08:37:22,22",->,50,49,1,"00:00:00,10"
"08:37:22,35",->,50,49,1,"00:00:00,13"
"08:37:22,45",->,50,49,1,"00:00:00,10"
"08:37:22,51",->,50,49,1,"00:00:00,07"
"08:37:22,61",->,50,49,1,"00:00:00,10"
"08:37:22,75",->,50,49,1,"00:00:00,13"
"08:37:22,85",->,50,49,1,"00:00:00,10"
"08:37:22,95",->,50,49,1,"00:00:00,10"
"08:37:23,05",->,50,49,1,"00:00:00,10"
"08:37:23,15",->,50,49,1,"00:00:00,10"
"08:37:23,24",->,50,49,1,"00:00:00,10"
"08:37:23,34",->,50,49,1,"00:00:00,10"
"08:37:23,44",->,50,49,1,"00:00:00,10"
"08:37:23,54",->,50,49,1,"00:00:00,10"
"08:37:23,64",->,50,49,1,"00:00:00,10"
"08:37:23,74",->,50,49,1,"00:00:00,10"
"08:37:23,84",->,50,49,1,"00:00:00,10"
"08:37:23,94",->,50,49,1,"00:00:00,10"
"08:37:24,04",->,50,49,1,"00:00:00,10"
"08:37:24,14",->,50,49,1,"00:00:00,10"
"08:37:24,24",->,50,49,1,"00:00:00,10"
"08:37:24,34",->,50,49,1,"00:00:00,10"
"08:37:24,44",->,50,49,1,"00:00:00,10"
"08:37:24,54",->,50,49,1,"00:00:00,10"
"08:37:24,64",->,50,49,1,"00:00:00,10"
"08:37:24,74",->,50,49,1,"00:00:00,10"
"08:37:24,84",->,50,49,1,"00:00:00,10"
"08:37:24,94",->,50,49,1,"00:00:00,10"
"08:37:25,04",->,50,49,1,"00:00:00,10"
"08:37:25,14",->,50,49,1,"00:00:00,10"
"08:37:25,24",->,50,49,1,"00:00:00,10"
"08:37:25,34",->,50,49,1,"00:00:00,10"
"08:37:25,44",->,50,49,1,"00:00:00,10"
"08:37:25,54",->,50,49,1,"00:00:00,10"
"08:37:25,63",->,50,49,1,"00:00:00,10"
"08:37:25,73",->,50,49,1,"00:00:00,10"
"08:37:25,87",->,50,49,1,"00:00:00,13"
"08:37:25,97",->,50,49,1,"00:00:00,10"
"08:37:26,03",->,50,49,1,"00:00:00,07"
"08:37:26,13",->,50,49,1,"00:00:00,10"
"08:37:26,27",->,50,49,1,"00:00:00,13"
"08:37:26,37",->,50,49,1,"00:00:00,10"
"08:37:26,43",->,50,49,1,"00:00:00,07"
"08:37:26,56",->,50,49,1,"00:00:00,13"
"08:37:26,66",->,50,49,1,"00:00:00,10"
"08:37:26,76",->,50,49,1,"00:00:00,10"
"08:37:26,86",->,50,49,1,"00:00:00,10"
"08:37:26,96",->,50,49,1,"00:00:00,10"
"08:37:27,06",->,50,49,1,"00:00:00,10"
"08:37:27,16",->,50,49,1,"00:00:00,10"
"08:37:27,26",->,50,49,1,"00:00:00,10"
"08:37:27,36",->,50,49,1,"00:00:00,10"
"08:37:27,46",->,50,49,1,"00:00:00,10"
"08:37:27,56",->,50,49,1,"00:00:00,10"
"08:37:27,66",->,50,49,1,"00:00:00,10"
"08:37:27,76",->,50,49,1,"00:00:00,10"
"08:37:27,86",->,50,49,1,"00:00:00,10"
"08:37:27,96",->,50,49,1,"00:00:00,10"
"08:37:28,06",->,50,49,1,"00:00:00,10"
"08:37:28,16",->,50,49,1,"00:00:00,10"
"08:37:28,26",->,50,49,1,"00:00:00,10"
"08:37:28,37",->,50,49,1,"00:00:00,11"
"08:37:28,46",->,50,49,1,"00:00:00,09"
"08:37:28,56",->,50,49,1,"00:00:00,10"
"08:37:28,66",->,50,49,1,"00:00:00,10"
"08:37:28,76",->,50,49,1,"00:00:00,10"
"08:37:28,86",->,50,49,1,"00:00:00,10"
"08:37:28,96",->,50,49,1,"00:00:00,10"
"08:37:29,06",->,50,49,1,"00:00:00,10"
"08:37:29,16",->,50,49,1,"00:00:00,10"
"08:37:29,26",->,50,49,1,"00:00:00,10"
"08:37:29,36",->,50,49,1,"00:00:00,10"
"08:37:29,45",->,50,49,1,"00:00:00,10"
"08:37:29,55",->,50,49,1,"00:00:00,10"
"08:37:29,69",->,50,49,1,"00:00:00,13"
"08:37:29,79",->,50,49,1,"00:00:00,10"
"08:37:29,85",->,50,49,1,"00:00:00,07"
"08:37:29,95",->,50,49,1,"00:00:00,10"
"08:37:30,09",->,50,49,1,"00:00:00,13"
"08:37:30,19",->,50,49,1,"00:00:00,10"
"08:37:30,25",->,50,49,1,"00:00:00,07"
"08:37:30,38",->,50,49,1,"00:00:00,13"
"08:37:30,48",->,50,49,1,"00:00:00,10"
"08:37:30,58",->,50,49,1,"00:00:00,10"
"08:37:30,65",->,50,49,1,"00:00:00,07"
"08:37:30,78",->,50,49,1,"00:00:00,13"
"08:37:30,88",->,50,49,1,"00:00:00,10"
"08:37:30,98",->,50,49,1,"00:00:00,10"
"08:37:31,08",->,50,49,1,"00:00:00,10"
"08:37:31,18",->,50,49,1,"00:00:00,10"
"08:37:31,28",->,50,49,1,"00:00:00,10"
"08:37:31,38",->,50,49,1,"00:00:00,10"
"08:37:31,48",->,50,49,1,"00:00:00,10"
"08:37:31,58",->,50,49,1,"00:00:00,10"
"08:37:31,68",->,50,49,1,"00:00:00,10"
"08:37:31,78",->,50,49,1,"00:00:00,10"
"08:37:31,88",->,50,49,1,"00:00:00,10"
"08:37:31,98",->,50,49,1,"00:00:00,10"
"08:37:32,08",->,50,49,1,"00:00:00,10"
"08:37:32,18",->,50,49,1,"00:00:00,10"
"08:37:32,28",->,50,49,1,"00:00:00,10"
"08:37:32,38",->,50,49,1,"00:00:00,10"
"08:37:32,48",->,50,49,1,"00:00:00,10"
"08:37:32,58",->,50,49,1,"00:00:00,10"
"08:37:32,67",->,50,49,1,"00:00:00,10"
"08:37:32,81",->,50,49,1,"00:00:00,13"
"08:37:32,87",->,50,49,1,"00:00:00,07"
"08:37:32,97",->,50,49,1,"00:00:00,10"
"08:37:33,07",->,50,49,1,"00:00:00,10"
"08:37:33,21",->,50,49,1,"00:00:00,13"
"08:37:33,27",->,50,49,1,"00:00:00,07"
"08:37:33,37",->,50,49,1,"00:00:00,10"
"08:37:33,51",->,50,49,1,"00:00:00,13"
"08:37:33,60",->,50,49,1,"00:00:00,10"
"08:37:33,67",->,50,49,1,"00:00:00,07"
"08:37:33,77",->,50,49,1,"00:00:00,10"
"08:37:33,90",->,50,49,1,"00:00:00,13"
"08:37:34,00",->,50,49,1,"00:00:00,10"
"08:37:34,07",->,50,49,1,"00:00:00,07"
"08:37:34,20",->,50,49,1,"00:00:00,13"
"08:37:34,30",->,50,49,1,"00:00:00,10"
"08:37:34,40",->,50,49,1,"00:00:00,10"
"08:37:34,50",->,50,49,1,"00:00:00,10"
"08:37:34,60",->,50,49,1,"00:00:00,10"
"08:37:34,70",->,50,49,1,"00:00:00,10"
"08:37:34,80",->,50,49,1,"00:00:00,10"
"08:37:34,90",->,50,49,1,"00:00:00,10"
"08:37:35,00",->,50,49,1,"00:00:00,10"
"08:37:35,10",->,50,49,1,"00:00:00,10"
"08:37:35,20",->,50,49,1,"00:00:00,10"
"08:37:35,30",->,50,49,1,"00:00:00,10"
"08:37:35,40",->,50,49,1,"00:00:00,10"
"08:37:35,50",->,50,49,1,"00:00:00,10"
"08:37:35,60",->,50,49,1,"00:00:00,10"
"08:37:35,70",->,50,49,1,"00:00:00,10"
"08:37:35,80",->,50,49,1,"00:00:00,10"
"08:37:35,90",->,50,49,1,"00:00:00,10"
"08:37:36,00",->,50,49,1,"00:00:00,10"
"08:37:36,10",->,50,49,1,"00:00:00,10"
"08:37:36,20",->,50,49,1,"00:00:00,10"
"08:37:36,29",->,50,49,1,"00:00:00,10"
"08:37:36,39",->,50,49,1,"00:00:00,10"
"08:37:36,49",->,50,49,1,"00:00:00,10"
"08:37:36,63",->,50,49,1,"00:00:00,13"
"08:37:36,69",->,50,49,1,"00:00:00,07"
"08:37:36,79",->,50,49,1,"00:00:00,10"
"08:37:36,89",->,50,49,1,"00:00:00,10"
"08:37:37,02",->,50,49,1,"00:00:00,13"
"08:37:37,12",->,50,49,1,"00:00:00,10"
"08:37:37,19",->,50,49,1,"00:00:00,07"
"08:37:37,32",->,50,49,1,"00:00:00,13"
"08:37:37,42",->,50,49,1,"00:00:00,10"
"08:37:37,52",->,50,49,1,"00:00:00,10"
"08:37:37,59",->,50,49,1,"00:00:00,07"
"08:37:37,72",->,50,49,1,"00:00:00,13"
"08:37:37,82",->,50,49,1,"00:00:00,10"
"08:37:37,92",->,50,49,1,"00:00:00,10"
"08:37:38,02",->,50,49,1,"00:00:00,10"
"08:37:38,12",->,50,49,1,"00:00:00,10"
"08:37:38,22",->,50,49,1,"00:00:00,10"
"08:37:38,32",->,50,49,1,"00:00:00,10"
"08:37:38,42",->,50,49,1,"00:00:00,10"
"08:37:38,52",->,50,49,1,"00:00:00,10"
"08:37:38,62",->,50,49,1,"00:00:00,10"
"08:37:38,72",->,50,49,1,"00:00:00,10"
"08:37:38,82",->,50,49,1,"00:00:00,10"
"08:37:38,92",->,50,49,1,"00:00:00,10"
"08:37:39,02",->,50,49,1,"00:00:00,10"
"08:37:39,11",->,50,49,1,"00:00:00,10"
"08:37:39,21",->,50,49,1,"00:00:00,10"
"08:37:39,31",->,50,49,1,"00:00:00,10"
"08:37:39,41",->,50,49,1,"00:00:00,10"
"08:37:39,51",->,50,49,1,"00:00:00,10"
"08:37:39,61",->,50,49,1,"00:00:00,10"
"08:37:39,71",->,50,49,1,"00:00:00,10"
"08:37:39,81",->,50,49,1,"00:00:00,10"
"08:37:39,91",->,50,49,1,"00:00:00,10"
"08:37:40,01",->,50,49,1,"00:00:00,10"
"08:37:40,15",->,50,49,1,"00:00:00,13"
"08:37:40,21",->,50,49,1,"00:00:00,07"
"08:37:40,31",->,50,49,1,"00:00:00,10"
"08:37:40,44",->,50,49,1,"00:00:00,13"
"08:37:40,54",->,50,49,1,"00:00:00,10"
"08:37:40,61",->,50,49,1,"00:00:00,07"
"08:37:40,71",->,50,49,1,"00:00:00,10"
"08:37:40,84",->,50,49,1,"00:00:00,13"
"08:37:40,94",->,50,49,1,"00:00:00,10"
"08:37:41,04",->,50,49,1,"00:00:00,10"
"08:37:41,14",->,50,49,1,"00:00:00,10"
"08:37:41,24",->,50,49,1,"00:00:00,10"
"08:37:41,34",->,50,49,1,"00:00:00,10"
"08:37:41,44",->,50,49,1,"00:00:00,10"
"08:37:41,54",->,50,49,1,"00:00:00,10"
"08:37:41,64",->,50,49,1,"00:00:00,10"
"08:37:41,74",->,50,49,1,"00:00:00,10"
"08:37:41,83",->,50,49,1,"00:00:00,10"
"08:37:41,93",->,50,49,1,"00:00:00,10"
"08:37:42,03",->,50,49,1,"00:00:00,10"
"08:37:42,13",->,50,49,1,"00:00:00,10"
"08:37:42,23",->,50,49,1,"00:00:00,10"
"08:37:42,33",->,50,49,1,"00:00:00,10"
"08:37:42,43",->,50,49,1,"00:00:00,10"
"08:37:42,53",->,50,49,1,"00:00:00,10"
"08:37:42,63",->,50,49,1,"00:00:00,10"
"08:37:42,73",->,50,49,1,"00:00:00,10"
"08:37:42,83",->,50,49,1,"00:00:00,10"
"08:37:42,93",->,50,49,1,"00:00:00,10"
"08:37:43,03",->,50,49,1,"00:00:00,10"
"08:37:43,13",->,50,49,1,"00:00:00,10"
"08:37:43,26",->,50,49,1,"00:00:00,13"
"08:37:43,33",->,50,49,1,"00:00:00,07"
"08:37:43,43",->,50,49,1,"00:00:00,10"
"08:37:43,53",->,50,49,1,"00:00:00,10"
"08:37:43,66",->,50,49,1,"00:00:00,13"
"08:37:43,76",->,50,49,1,"00:00:00,10"
"08:37:43,82",->,50,49,1,"00:00:00,07"
"08:37:43,96",->,50,49,1,"00:00:00,13"
"08:37:44,06",->,50,49,1,"00:00:00,10"
"08:37:44,16",->,50,49,1,"00:00:00,10"
"08:37:44,22",->,50,49,1,"00:00:00,07"
"08:37:44,35",->,50,49,1,"00:00:00,13"
"08:37:44,45",->,50,49,1,"00:00:00,10"
"08:37:44,55",->,50,49,1,"00:00:00,10"
"08:37:44,65",->,50,49,1,"00:00:00,10"
"08:37:44,75",->,50,49,1,"00:00:00,10"
"08:37:44,85",->,50,49,1,"00:00:00,10"
"08:37:44,95",->,50,49,1,"00:00:00,10"
"08:37:45,05",->,50,49,1,"00:00:00,10"
"08:37:45,15",->,50,49,1,"00:00:00,10"
"08:37:45,25",->,50,49,1,"00:00:00,10"
"08:37:45,35",->,50,49,1,"00:00:00,10"
"08:37:45,45",->,50,49,1,"00:00:00,10"
"08:37:45,55",->,50,49,1,"00:00:00,10"
"08:37:45,65",->,50,49,1,"00:00:00,10"
"08:37:45,75",->,50,49,1,"00:00:00,10"
"08:37:45,85",->,50,49,1,"00:00:00,10"
"08:37:45,95",->,50,49,1,"00:00:00,10"
"08:37:46,05",->,50,49,1,"00:00:00,10"
"08:37:46,15",->,50,49,1,"00:00:00,10"
"08:37:46,25",->,50,49,1,"00:00:00,10"
"08:37:46,35",->,50,49,1,"00:00:00,10"
"08:37:46,45",->,50,49,1,"00:00:00,10"
"08:37:46,55",->,50,49,1,"00:00:00,10"
"08:37:46,65",->,50,49,1,"00:00:00,10"
"08:37:46,75",->,50,49,1,"00:00:00,10"
"08:37:46,85",->,50,49,1,"00:00:00,10"
"08:37:46,95",->,50,49,1,"00:00:00,10"
"08:37:47,08",->,50,49,1,"00:00:00,13"
"08:37:47,18",->,50,49,1,"00:00:00,10"
"08:37:47,24",->,50,49,1,"00:00:00,07"
"08:37:47,34",->,50,49,1,"00:00:00,10"
"08:37:47,48",->,50,49,1,"00:00:00,13"
"08:37:47,58",->,50,49,1,"00:00:00,10"
"08:37:47,64",->,50,49,1,"00:00:00,07"
"08:37:47,78",->,50,49,1,"00:00:00,13"
"08:37:47,88",->,50,49,1,"00:00:00,10"
"08:37:47,98",->,50,49,1,"00:00:00,10"
"08:37:48,04",->,50,49,1,"00:00:00,07"
"08:37:48,17",->,50,49,1,"00:00:00,13"
"08:37:48,27",->,50,49,1,"00:00:00,10"
"08:37:48,37",->,50,49,1,"00:00:00,10"
"08:37:48,47",->,50,49,1,"00:00:00,10"
"08:37:48,57",->,50,49,1,"00:00:00,10"
"08:37:48,67",->,50,49,1,"00:00:00,10"
"08:37:48,77",->,50,49,1,"00:00:00,10"
"08:37:48,87",->,50,49,1,"00:00:00,10"
"08:37:48,97",->,50,49,1,"00:00:00,10"
"08:37:49,07",->,50,49,1,"00:00:00,10"
"08:37:49,17",->,50,49,1,"00:00:00,10"
"08:37:49,27",->,50,49,1,"00:00:00,10"
"08:37:49,37",->,50,49,1,"00:00:00,10"
"08:37:49,47",->,50,49,1,"00:00:00,10"
"08:37:49,57",->,50,49,1,"00:00:00,10"
"08:37:49,66",->,50,49,1,"00:00:00,10"
"08:37:49,76",->,50,49,1,"00:00:00,10"
"08:37:49,86",->,50,49,1,"00:00:00,10"
"08:37:49,96",->,50,49,1,"00:00:00,10"
"08:37:50,06",->,50,49,1,"00:00:00,10"
"08:37:50,19",->,50,49,1,"00:00:00,13"
"08:37:50,29",->,50,49,1,"00:00:00,10"
"08:37:50,36",->,50,49,1,"00:00:00,07"
"08:37:50,46",->,50,49,1,"00:00:00,10"
"08:37:50,59",->,50,49,1,"00:00:00,13"
"08:37:50,69",->,50,49,1,"00:00:00,10"
"08:37:50,79",->,50,49,1,"00:00:00,10"
"08:37:50,89",->,50,49,1,"00:00:00,10"
"08:37:50,99",->,50,49,1,"00:00:00,10"
"08:37:51,09",->,50,49,1,"00:00:00,10"
"08:37:51,19",->,50,49,1,"00:00:00,10"
"08:37:51,29",->,50,49,1,"00:00:00,10"
"08:37:51,39",->,50,49,1,"00:00:00,10"
"08:37:51,49",->,50,49,1,"00:00:00,10"
"08:37:51,59",->,50,49,1,"00:00:00,10"
"08:37:51,69",->,50,49,1,"00:00:00,10"
"08:37:51,78",->,50,49,1,"00:00:00,10"
"08:37:51,88",->,50,49,1,"00:00:00,10"
"08:37:51,98",->,50,49,1,"00:00:00,10"
"08:37:52,08",->,50,49,1,"00:00:00,10"
"08:37:52,18",->,50,49,1,"00:00:00,10"
"08:37:52,28",->,50,49,1,"00:00:00,10"
"08:37:52,38",->,50,49,1,"00:00:00,10"
"08:37:52,48",->,50,49,1,"00:00:00,10"
"08:37:52,58",->,50,49,1,"00:00:00,10"
"08:37:52,68",->,50,49,1,"00:00:00,10"
"08:37:52,78",->,50,49,1,"00:00:00,10"
"08:37:52,88",->,50,49,1,"00:00:00,10"
"08:37:53,01",->,50,49,1,"00:00:00,13"
"08:37:53,08",->,50,49,1,"00:00:00,07"
"08:37:53,18",->,50,49,1,"00:00:00,10"
"08:37:53,27",->,50,49,1,"00:00:00,10"
"08:37:53,41",->,50,49,1,"00:00:00,13"
"08:37:53,51",->,50,49,1,"00:00:00,10"
"08:37:53,57",->,50,49,1,"00:00:00,07"
"08:37:53,71",->,50,49,1,"00:00:00,13"
"08:37:53,81",->,50,49,1,"00:00:00,10"
"08:37:53,91",->,50,49,1,"00:00:00,10"
"08:37:54,01",->,50,49,1,"00:00:00,10"
"08:37:54,10",->,50,49,1,"00:00:00,10"
"08:37:54,20",->,50,49,1,"00:00:00,10"
"08:37:54,30",->,50,49,1,"00:00:00,10"
"08:37:54,40",->,50,49,1,"00:00:00,10"
"08:37:54,50",->,50,49,1,"00:00:00,10"
"08:37:54,60",->,50,49,1,"00:00:00,10"
"08:37:54,70",->,50,49,1,"00:00:00,10"
"08:37:54,80",->,50,49,1,"00:00:00,10"
"08:37:54,90",->,50,49,1,"00:00:00,10"
"08:37:55,00",->,50,49,1,"00:00:00,10"
"08:37:55,10",->,50,49,1,"00:00:00,10"
"08:37:55,20",->,50,49,1,"00:00:00,10"
"08:37:55,30",->,50,49,1,"00:00:00,10"
"08:37:55,40",->,50,49,1,"00:00:00,10"
"08:37:55,50",->,50,49,1,"00:00:00,10"
"08:37:55,60",->,50,49,1,"00:00:00,10"
"08:37:55,70",->,50,49,1,"00:00:00,10"
"08:37:55,80",->,50,49,1,"00:00:00,10"
"08:37:55,90",->,50,49,1,"00:00:00,10"
"08:37:56,00",->,50,49,1,"00:00:00,10"
"08:37:56,10",->,50,49,1,"00:00:00,10"
"08:37:56,20",->,50,49,1,"00:00:00,10"
"08:37:56,30",->,50,49,1,"00:00:00,10"
"08:37:56,40",->,50,49,1,"00:00:00,10"
"08:37:56,53",->,50,49,1,"00:00:00,13"
"08:37:56,60",->,50,49,1,"00:00:00,07"
"08:37:56,69",->,50,49,1,"00:00:00,10"
"08:37:56,83",->,50,49,1,"00:00:00,13"
"08:37:56,93",->,50,49,1,"00:00:00,10"
"08:37:56,99",->,50,49,1,"00:00:00,07"
"08:37:57,09",->,50,49,1,"00:00:00,10"
"08:37:57,23",->,50,49,1,"00:00:00,13"
"08:37:57,33",->,50,49,1,"00:00:00,10"
"08:37:57,39",->,50,49,1,"00:00:00,07"
"08:37:57,53",->,50,49,1,"00:00:00,13"
"08:37:57,62",->,50,49,1,"00:00:00,10"
"08:37:57,72",->,50,49,1,"00:00:00,10"
"08:37:57,79",->,50,49,1,"00:00:00,07"
"08:37:57,92",->,50,49,1,"00:00:00,13"
"08:37:58,02",->,50,49,1,"00:00:00,10"
"08:37:58,12",->,50,49,1,"00:00:00,10"
"08:37:58,22",->,50,49,1,"00:00:00,10"
"08:37:58,32",->,50,49,1,"00:00:00,10"
"08:37:58,42",->,50,49,1,"00:00:00,10"
"08:37:58,52",->,50,49,1,"00:00:00,10"
"08:37:58,62",->,50,49,1,"00:00:00,10"
"08:37:58,72",->,50,49,1,"00:00:00,10"
"08:37:58,82",->,50,49,1,"00:00:00,10"
"08:37:58,92",->,50,49,1,"00:00:00,10"
"08:37:59,02",->,50,49,1,"00:00:00,10"
"08:37:59,12",->,50,49,1,"00:00:00,10"
"08:37:59,22",->,50,49,1,"00:00:00,10"
"08:37:59,32",->,50,49,1,"00:00:00,10"
"08:37:59,42",->,50,49,1,"00:00:00,10"
"08:37:59,52",->,50,49,1,"00:00:00,10"
"08:37:59,62",->,50,49,1,"00:00:00,10"
"08:37:59,72",->,50,49,1,"00:00:00,10"
"08:37:59,82",->,50,49,1,"00:00:00,10"
"08:37:59,95",->,50,49,1,"00:00:00,13"
"08:38:00,02",->,50,49,1,"00:00:00,07"
"08:38:00,12",->,50,49,1,"00:00:00,10"
"08:38:00,21",->,50,49,1,"00:00:00,10"
"08:38:00,35",->,50,49,1,"00:00:00,13"
"08:38:00,41",->,50,49,1,"00:00:00,07"
"08:38:00,51",->,50,49,1,"00:00:00,10"
"08:38:00,65",->,50,49,1,"00:00:00,13"
"08:38:00,75",->,50,49,1,"00:00:00,10"
"08:38:00,84",->,50,49,1,"00:00:00,10"
"08:38:00,91",->,50,49,1,"00:00:00,07"
"08:38:01,04",->,50,49,1,"00:00:00,13"
"08:38:01,14",->,50,49,1,"00:00:00,10"
"08:38:01,24",->,50,49,1,"00:00:00,10"
"08:38:01,34",->,50,49,1,"00:00:00,10"
"08:38:01,44",->,50,49,1,"00:00:00,10"
"08:38:01,54",->,50,49,1,"00:00:00,10"
"08:38:01,64",->,50,49,1,"00:00:00,10"
"08:38:01,74",->,50,49,1,"00:00:00,10"
"08:38:01,84",->,50,49,1,"00:00:00,10"
"08:38:01,94",->,50,49,1,"00:00:00,10"
"08:38:02,04",->,50,49,1,"00:00:00,10"
"08:38:02,14",->,50,49,1,"00:00:00,10"
"08:38:02,24",->,50,49,1,"00:00:00,10"
"08:38:02,34",->,50,49,1,"00:00:00,10"
"08:38:02,44",->,50,49,1,"00:00:00,10"
"08:38:02,54",->,50,49,1,"00:00:00,10"
"08:38:02,64",->,50,49,1,"00:00:00,10"
"08:38:02,74",->,50,49,1,"00:00:00,10"
"08:38:02,84",->,50,49,1,"00:00:00,10"
"08:38:02,94",->,50,49,1,"00:00:00,10"
"08:38:03,04",->,50,49,1,"00:00:00,10"
"08:38:03,14",->,50,49,1,"00:00:00,10"
"08:38:03,24",->,50,49,1,"00:00:00,10"
"08:38:03,34",->,50,49,1,"00:00:00,10"
"08:38:03,43",->,50,49,1,"00:00:00,10"
"08:38:03,53",->,50,49,1,"00:00:00,10"
"08:38:03,63",->,50,49,1,"00:00:00,10"
"08:38:03,77",->,50,49,1,"00:00:00,13"
"08:38:03,87",->,50,49,1,"00:00:00,10"
"08:38:03,93",->,50,49,1,"00:00:00,07"
"08:38:04,03",->,50,49,1,"00:00:00,10"
"08:38:04,17",->,50,49,1,"00:00:00,13"
"08:38:04,27",->,50,49,1,"00:00:00,10"
"08:38:04,33",->,50,49,1,"00:00:00,07"
"08:38:04,46",->,50,49,1,"00:00:00,13"
"08:38:04,56",->,50,49,1,"00:00:00,10"
"08:38:04,66",->,50,49,1,"00:00:00,10"
"08:38:04,73",->,50,49,1,"00:00:00,07"
"08:38:04,86",->,50,49,1,"00:00:00,13"
"08:38:04,96",->,50,49,1,"00:00:00,10"
"08:38:05,06",->,50,49,1,"00:00:00,10"
"08:38:05,16",->,50,49,1,"00:00:00,10"
"08:38:05,26",->,50,49,1,"00:00:00,10"
"08:38:05,36",->,50,49,1,"00:00:00,10"
"08:38:05,46",->,50,49,1,"00:00:00,10"
"08:38:05,56",->,50,49,1,"00:00:00,10"
"08:38:05,66",->,50,49,1,"00:00:00,10"
"08:38:05,76",->,50,49,1,"00:00:00,10"
"08:38:05,86",->,50,49,1,"00:00:00,10"
"08:38:05,96",->,50,49,1,"00:00:00,10"
"08:38:06,06",->,50,49,1,"00:00:00,10"
"08:38:06,16",->,50,49,1,"00:00:00,10"
"08:38:06,26",->,50,49,1,"00:00:00,10"
"08:38:06,36",->,50,49,1,"00:00:00,10"
"08:38:06,46",->,50,49,1,"00:00:00,10"
"08:38:06,56",->,50,49,1,"00:00:00,10"
"08:38:06,66",->,50,49,1,"00:00:00,10"
"08:38:06,76",->,50,49,1,"00:00:00,10"
"08:38:06,85",->,50,49,1,"00:00:00,10"
"08:38:06,95",->,50,49,1,"00:00:00,10"
"08:38:07,05",->,50,49,1,"00:00:00,10"
"08:38:07,15",->,50,49,1,"00:00:00,10"
"08:38:07,29",->,50,49,1,"00:00:00,13"
"08:38:07,35",->,50,49,1,"00:00:00,07"
"08:38:07,45",->,50,49,1,"00:00:00,10"
"08:38:07,59",->,50,49,1,"00:00:00,13"
"08:38:07,69",->,50,49,1,"00:00:00,10"
"08:38:07,75",->,50,49,1,"00:00:00,07"
"08:38:07,85",->,50,49,1,"00:00:00,10"
"08:38:07,98",->,50,49,1,"00:00:00,13"
"08:38:08,08",->,50,49,1,"00:00:00,10"
"08:38:08,15",->,50,49,1,"00:00:00,07"
"08:38:08,28",->,50,49,1,"00:00:00,13"
"08:38:08,38",->,50,49,1,"00:00:00,10"
"08:38:08,48",->,50,49,1,"00:00:00,10"
"08:38:08,55",->,50,49,1,"00:00:00,07"
"08:38:08,68",->,50,49,1,"00:00:00,13"
"08:38:08,78",->,50,49,1,"00:00:00,10"
"08:38:08,88",->,50,49,1,"00:00:00,10"
"08:38:08,98",->,50,49,1,"00:00:00,10"
"08:38:09,08",->,50,49,1,"00:00:00,10"
"08:38:09,18",->,50,49,1,"00:00:00,10"
"08:38:09,28",->,50,49,1,"00:00:00,10"
"08:38:09,38",->,50,49,1,"00:00:00,10"
"08:38:09,48",->,50,49,1,"00:00:00,10"
"08:38:09,58",->,50,49,1,"00:00:00,10"
"08:38:09,68",->,50,49,1,"00:00:00,10"
"08:38:09,78",->,50,49,1,"00:00:00,10"
"08:38:09,88",->,50,49,1,"00:00:00,10"
"08:38:09,98",->,50,49,1,"00:00:00,10"
"08:38:10,08",->,50,49,1,"00:00:00,10"
"08:38:10,18",->,50,49,1,"00:00:00,10"
"08:38:10,28",->,50,49,1,"00:00:00,10"
"08:38:10,38",->,50,49,1,"00:00:00,10"
"08:38:10,48",->,50,49,1,"00:00:00,10"
"08:38:10,57",->,50,49,1,"00:00:00,10"
"08:38:10,67",->,50,49,1,"00:00:00,10"
"08:38:10,77",->,50,49,1,"00:00:00,10"
"08:38:10,87",->,50,49,1,"00:00:00,10"
"08:38:10,97",->,50,49,1,"00:00:00,10"
"08:38:11,11",->,50,49,1,"00:00:00,13"
"08:38:11,17",->,50,49,1,"00:00:00,07"
"08:38:11,27",->,50,49,1,"00:00:00,10"
"08:38:11,41",->,50,49,1,"00:00:00,13"
"08:38:11,50",->,50,49,1,"00:00:00,10"
"08:38:11,57",->,50,49,1,"00:00:00,07"
"08:38:11,67",->,50,49,1,"00:00:00,10"
"08:38:11,80",->,50,49,1,"00:00:00,13"
"08:38:11,90",->,50,49,1,"00:00:00,10"
"08:38:11,97",->,50,49,1,"00:00:00,07"
"08:38:12,10",->,50,49,1,"00:00:00,13"
"08:38:12,20",->,50,49,1,"00:00:00,10"
"08:38:12,30",->,50,49,1,"00:00:00,10"
"08:38:12,40",->,50,49,1,"00:00:00,10"
"08:38:12,50",->,50,49,1,"00:00:00,10"
"08:38:12,60",->,50,49,1,"00:00:00,10"
"08:38:12,70",->,50,49,1,"00:00:00,10"
"08:38:12,80",->,50,49,1,"00:00:00,10"
"08:38:12,90",->,50,49,1,"00:00:00,10"
"08:38:13,00",->,50,49,1,"00:00:00,10"
"08:38:13,10",->,50,49,1,"00:00:00,10"
"08:38:13,20",->,50,49,1,"00:00:00,10"
"08:38:13,30",->,50,49,1,"00:00:00,10"
"08:38:13,40",->,50,49,1,"00:00:00,10"
"08:38:13,50",->,50,49,1,"00:00:00,10"
"08:38:13,60",->,50,49,1,"00:00:00,10"
"08:38:13,70",->,50,49,1,"00:00:00,10"
"08:38:13,80",->,50,49,1,"00:00:00,10"
"08:38:13,90",->,50,49,1,"00:00:00,10"
"08:38:14,00",->,50,49,1,"00:00:00,10"
"08:38:14,10",->,50,49,1,"00:00:00,10"
"08:38:14,20",->,50,49,1,"00:00:00,10"
"08:38:14,30",->,50,49,1,"00:00:00,10"
"08:38:14,40",->,50,49,1,"00:00:00,10"
"08:38:14,50",->,50,49,1,"00:00:00,10"
"08:38:14,60",->,50,49,1,"00:00:00,10"
"08:38:14,69",->,50,49,1,"00:00:00,10"
"08:38:14,79",->,50,49,1,"00:00:00,10"
"08:38:14,93",->,50,49,1,"00:00:00,13"
"08:38:14,99",->,50,49,1,"00:00:00,07"
"08:38:15,09",->,50,49,1,"00:00:00,10"
"08:38:15,19",->,50,49,1,"00:00:00,10"
"08:38:15,33",->,50,49,1,"00:00:00,13"
"08:38:15,39",->,50,49,1,"00:00:00,07"
"08:38:15,49",->,50,49,1,"00:00:00,10"
"08:38:15,62",->,50,49,1,"00:00:00,13"
"08:38:15,72",->,50,49,1,"00:00:00,10"
"08:38:15,79",->,50,49,1,"00:00:00,07"
"08:38:15,92",->,50,49,1,"00:00:00,13"
